Resume_Text,Job_Role
"Experienced professional with a strong background in leadership, employee relations, payroll, compliance, web layout, human resources, onboarding, communication, talent acquisition, interviewing. Proven track record of delivering high quality results.",HR Manager
"Experienced professional with a strong background in compliance, communication, recruitment, employee relations, html, interviewing, talent acquisition, onboarding, payroll, leadership. Proven track record of delivering high quality results.",HR Manager
"Experienced professional with a strong background in pandas, transformers, xgboost, nlp, oop, data structures, model deployment, machine learning, deep learning, gpu. Proven track record of delivering high quality results.",Machine Learning Engineer
"Experienced professional with a strong background in compliance, talent acquisition, employee relations, leadership, human resources, payroll, recruitment, communication, ui/ux, interviewing. Proven track record of delivering high quality results.",HR Manager
"Experienced professional with a strong background in software development, agile, docker, python, c++, system design, node.js, algorithms, html. Proven track record of delivering high quality results.",Software Engineer
"Experienced professional with a strong background in xgboost, nlp, gpu, numpy, pytorch, deep learning, scikit-learn, neural networks, agile, oop. Proven track record of delivering high quality results.",Machine Learning Engineer
"Experienced professional with a strong background in scikit-learn, gpu, visualization, pandas, sql, c++, data structures, deep learning, data analysis. Proven track record of delivering high quality results.",Data Scientist
"Experienced professional with a strong background in java, machine learning, model deployment, numpy, transformers, pytorch, docker, scikit-learn, neural networks, computer vision. Proven track record of delivering high quality results.",Machine Learning Engineer
"Experienced professional with a strong background in model deployment, numpy, oop, java, statistics, deep learning, sql, neural networks, pandas. Proven track record of delivering high quality results.",Data Scientist
"Experienced professional with a strong background in nlp, data analysis, scikit-learn, tensorFlow, pytorch, c++, neural networks, computer vision, system design, gpu. Proven track record of delivering high quality results.",Machine Learning Engineer
"Experienced professional with a strong background in git, backend, software development, javascript, api, typescript, data structures, node.js, frontend. Proven track record of delivering high quality results.",Web Developer
"Experienced professional with a strong background in neural networks, nlp, scikit-learn, agile, pytorch, machine learning, visualization, software development, gpu, xgboost. Proven track record of delivering high quality results.",Machine Learning Engineer
"Experienced professional with a strong background in css, agile, frontend, backend, web layout, ui/ux, javascript, data structures, java. Proven track record of delivering high quality results.",Web Developer
"Experienced professional with a strong background in agile, algorithms, python, nlp, deep learning, model deployment, pandas, xgboost, neural networks, gpu. Proven track record of delivering high quality results.",Machine Learning Engineer
"Experienced professional with a strong background in tensorFlow, model deployment, visualization, gpu, scikit-learn, neural networks, computer vision, xgboost, agile, software development. Proven track record of delivering high quality results.",Machine Learning Engineer
"Experienced professional with a strong background in frontend, oop, system design, react, c++, typescript, node.js, backend, css. Proven track record of delivering high quality results.",Web Developer
"Experienced professional with a strong background in software development, docker, deep learning, algorithms, c++, ui/ux, agile, css, git. Proven track record of delivering high quality results.",Software Engineer
"Experienced professional with a strong background in docker, c++, api, web layout, typescript, node.js, software development, html, javascript. Proven track record of delivering high quality results.",Web Developer
"Experienced professional with a strong background in web layout, payroll, talent acquisition, human resources, leadership, compliance, interviewing, recruitment, employee relations, communication. Proven track record of delivering high quality results.",HR Manager
"Experienced professional with a strong background in talent acquisition, leadership, human resources, onboarding, employee relations, interviewing, recruitment, javascript, compliance, communication. Proven track record of delivering high quality results.",HR Manager
"Experienced professional with a strong background in compliance, payroll, recruitment, employee relations, communication, interviewing, ui/ux, human resources, onboarding, leadership. Proven track record of delivering high quality results.",HR Manager
"Experienced professional with a strong background in software development, data analysis, xgboost, gpu, model deployment, neural networks, transformers, pandas, pytorch, git. Proven track record of delivering high quality results.",Machine Learning Engineer
"Experienced professional with a strong background in human resources, communication, leadership, recruitment, employee relations, onboarding, payroll, interviewing, javascript, compliance. Proven track record of delivering high quality results.",HR Manager
"Experienced professional with a strong background in tensorFlow, ui/ux, algorithms, agile, backend, docker, git, oop, software development. Proven track record of delivering high quality results.",Software Engineer
"Experienced professional with a strong background in neural networks, nlp, data structures, python, agile, deep learning, computer vision, xgboost, transformers, numpy. Proven track record of delivering high quality results.",Machine Learning Engineer
"Experienced professional with a strong background in typescript, agile, numpy, oop, software development, c++, java, javascript, algorithms. Proven track record of delivering high quality results.",Software Engineer
"Experienced professional with a strong background in css, node.js, backend, data structures, frontend, docker, web layout, software development, ui/ux. Proven track record of delivering high quality results.",Web Developer
"Experienced professional with a strong background in python, numpy, deep learning, oop, pandas, docker, model deployment, deep learning, tensorFlow. Proven track record of delivering high quality results.",Data Scientist
"Experienced professional with a strong background in frontend, oop, backend, css, java, node.js, html, typescript, system design. Proven track record of delivering high quality results.",Web Developer
"Experienced professional with a strong background in c++, backend, docker, api, web layout, frontend, css, node.js, algorithms. Proven track record of delivering high quality results.",Web Developer
"Experienced professional with a strong background in nlp, deep learning, scikit-learn, tensorFlow, software development, sql, gpu, computer vision, transformers, data structures. Proven track record of delivering high quality results.",Machine Learning Engineer
"Experienced professional with a strong background in data structures, software development, git, oop, react, backend, java, visualization, system design. Proven track record of delivering high quality results.",Software Engineer
"Experienced professional with a strong background in data structures, web layout, html, ui/ux, typescript, c++, frontend, oop, node.js. Proven track record of delivering high quality results.",Web Developer
"Experienced professional with a strong background in react, c++, software development, frontend, system design, html, typescript, javascript, node.js. Proven track record of delivering high quality results.",Web Developer
"Experienced professional with a strong background in talent acquisition, recruitment, employee relations, payroll, interviewing, communication, leadership, typescript, human resources, onboarding. Proven track record of delivering high quality results.",HR Manager
"Experienced professional with a strong background in algorithms, model deployment, tensorFlow, visualization, numpy, neural networks, c++, deep learning, data analysis. Proven track record of delivering high quality results.",Data Scientist
"Experienced professional with a strong background in git, visualization, java, xgboost, statistics, pandas, data analysis, python, deep learning. Proven track record of delivering high quality results.",Data Scientist
"Experienced professional with a strong background in xgboost, numpy, data structures, software development, pandas, data analysis, gpu, machine learning, deep learning. Proven track record of delivering high quality results.",Data Scientist
"Experienced professional with a strong background in backend, node.js, data structures, react, java, html, typescript, agile, web layout. Proven track record of delivering high quality results.",Web Developer
"Experienced professional with a strong background in communication, recruitment, talent acquisition, onboarding, frontend, leadership, interviewing, compliance, human resources, employee relations. Proven track record of delivering high quality results.",HR Manager
"Experienced professional with a strong background in web layout, typescript, css, c++, oop, node.js, software development, html, javascript. Proven track record of delivering high quality results.",Web Developer
"Experienced professional with a strong background in algorithms, system design, software development, sql, api, agile, ui/ux, docker, c++. Proven track record of delivering high quality results.",Software Engineer
"Experienced professional with a strong background in compliance, onboarding, employee relations, interviewing, communication, recruitment, human resources, payroll, leadership, css. Proven track record of delivering high quality results.",HR Manager
"Experienced professional with a strong background in oop, agile, data structures, html, react, git, statistics, java, software development. Proven track record of delivering high quality results.",Software Engineer
"Experienced professional with a strong background in system design, pytorch, python, software development, transformers, data analysis, statistics, deep learning, tensorFlow. Proven track record of delivering high quality results.",Data Scientist
"Experienced professional with a strong background in ui/ux, api, docker, html, web layout, frontend, java, css, data structures. Proven track record of delivering high quality results.",Web Developer
"Experienced professional with a strong background in nlp, java, machine learning, neural networks, xgboost, python, computer vision, scikit-learn, gpu, c++. Proven track record of delivering high quality results.",Machine Learning Engineer
"Experienced professional with a strong background in machine learning, transformers, c++, git, tensorFlow, python, visualization, numpy, deep learning. Proven track record of delivering high quality results.",Data Scientist
"Experienced professional with a strong background in recruitment, onboarding, payroll, compliance, talent acquisition, human resources, api, employee relations, leadership, communication. Proven track record of delivering high quality results.",HR Manager
"Experienced professional with a strong background in node.js, docker, ui/ux, oop, html, react, c++, api, web layout. Proven track record of delivering high quality results.",Web Developer
"Experienced professional with a strong background in java, react, javascript, node.js, api, frontend, system design, ui/ux, software development. Proven track record of delivering high quality results.",Web Developer
"Experienced professional with a strong background in neural networks, algorithms, pytorch, java, machine learning, scikit-learn, deep learning, model deployment, gpu, numpy. Proven track record of delivering high quality results.",Machine Learning Engineer
"Experienced professional with a strong background in numpy, xgboost, c++, gpu, pandas, visualization, tensorFlow, system design, sql. Proven track record of delivering high quality results.",Data Scientist
"Experienced professional with a strong background in ui/ux, web layout, frontend, javascript, backend, system design, git, api, algorithms. Proven track record of delivering high quality results.",Web Developer
"Experienced professional with a strong background in numpy, pytorch, xgboost, git, software development, machine learning, tensorFlow, deep learning, sql. Proven track record of delivering high quality results.",Data Scientist
"Experienced professional with a strong background in node.js, leadership, recruitment, payroll, employee relations, talent acquisition, onboarding, communication, compliance, interviewing. Proven track record of delivering high quality results.",HR Manager
"Experienced professional with a strong background in statistics, git, deep learning, model deployment, visualization, algorithms, deep learning, machine learning, tensorFlow. Proven track record of delivering high quality results.",Data Scientist
"Experienced professional with a strong background in computer vision, gpu, transformers, oop, pytorch, model deployment, deep learning, python, machine learning, docker. Proven track record of delivering high quality results.",Machine Learning Engineer
"Experienced professional with a strong background in data structures, agile, algorithms, react, software development, c++, statistics, java, javascript. Proven track record of delivering high quality results.",Software Engineer
"Experienced professional with a strong background in computer vision, docker, tensorFlow, transformers, gpu, numpy, model deployment, nlp, scikit-learn, oop. Proven track record of delivering high quality results.",Machine Learning Engineer
"Experienced professional with a strong background in neural networks, pytorch, computer vision, algorithms, docker, data analysis, model deployment, transformers, sql, scikit-learn. Proven track record of delivering high quality results.",Machine Learning Engineer
"Experienced professional with a strong background in git, python, model deployment, numpy, tensorFlow, docker, machine learning, pandas, nlp. Proven track record of delivering high quality results.",Data Scientist
"Experienced professional with a strong background in recruitment, communication, onboarding, leadership, api, compliance, employee relations, payroll, talent acquisition, human resources. Proven track record of delivering high quality results.",HR Manager
"Experienced professional with a strong background in statistics, xgboost, nlp, tensorFlow, data analysis, machine learning, numpy, java, docker. Proven track record of delivering high quality results.",Data Scientist
"Experienced professional with a strong background in oop, frontend, web layout, react, css, git, api, data structures, javascript. Proven track record of delivering high quality results.",Web Developer
"Experienced professional with a strong background in data analysis, data structures, algorithms, system design, docker, api, software development, frontend, agile. Proven track record of delivering high quality results.",Software Engineer
"Experienced professional with a strong background in git, neural networks, sql, tensorFlow, data structures, visualization, data analysis, xgboost, statistics. Proven track record of delivering high quality results.",Data Scientist
"Experienced professional with a strong background in api, interviewing, payroll, leadership, onboarding, compliance, recruitment, talent acquisition, communication, human resources. Proven track record of delivering high quality results.",HR Manager
"Experienced professional with a strong background in javascript, algorithms, data structures, oop, numpy, agile, software development, react, c++. Proven track record of delivering high quality results.",Software Engineer
"Experienced professional with a strong background in machine learning, neural networks, c++, numpy, pandas, sql, python, deep learning, docker. Proven track record of delivering high quality results.",Data Scientist
"Experienced professional with a strong background in system design, docker, data structures, c++, sql, javascript, react, oop, algorithms. Proven track record of delivering high quality results.",Software Engineer
"Experienced professional with a strong background in web layout, c++, typescript, api, algorithms, node.js, react, git, html. Proven track record of delivering high quality results.",Web Developer
"Experienced professional with a strong background in oop, git, data structures, agile, docker, software development, backend, frontend, sql. Proven track record of delivering high quality results.",Software Engineer
"Experienced professional with a strong background in pandas, docker, typescript, backend, data structures, oop, java, agile, c++. Proven track record of delivering high quality results.",Software Engineer
"Experienced professional with a strong background in oop, software development, tensorFlow, java, git, data structures, node.js, ui/ux, c++. Proven track record of delivering high quality results.",Software Engineer
"Experienced professional with a strong background in sql, c++, nlp, scikit-learn, neural networks, pytorch, java, gpu, python, xgboost. Proven track record of delivering high quality results.",Machine Learning Engineer
"Experienced professional with a strong background in gpu, computer vision, c++, pytorch, scikit-learn, algorithms, neural networks, deep learning, statistics, visualization. Proven track record of delivering high quality results.",Machine Learning Engineer
"Experienced professional with a strong background in oop, node.js, javascript, ui/ux, web layout, java, git, html, backend. Proven track record of delivering high quality results.",Web Developer
"Experienced professional with a strong background in model deployment, xgboost, deep learning, computer vision, docker, scikit-learn, nlp, python, neural networks, software development. Proven track record of delivering high quality results.",Machine Learning Engineer
"Experienced professional with a strong background in interviewing, communication, onboarding, payroll, node.js, human resources, compliance, leadership, recruitment, talent acquisition. Proven track record of delivering high quality results.",HR Manager
"Experienced professional with a strong background in system design, api, agile, algorithms, software development, javascript, deep learning, oop, java. Proven track record of delivering high quality results.",Software Engineer
"Experienced professional with a strong background in agile, c++, git, software development, sql, react, api, oop, docker. Proven track record of delivering high quality results.",Software Engineer
"Experienced professional with a strong background in system design, oop, c++, java, agile, statistics, node.js, software development, api. Proven track record of delivering high quality results.",Software Engineer
"Experienced professional with a strong background in typescript, javascript, software development, git, web layout, c++, api, frontend, ui/ux. Proven track record of delivering high quality results.",Web Developer
"Experienced professional with a strong background in scikit-learn, computer vision, docker, python, statistics, data analysis, pandas, visualization, java. Proven track record of delivering high quality results.",Data Scientist
"Experienced professional with a strong background in typescript, html, css, api, data structures, backend, oop, node.js, docker. Proven track record of delivering high quality results.",Web Developer
"Experienced professional with a strong background in oop, numpy, pytorch, xgboost, sql, visualization, software development, python, data analysis. Proven track record of delivering high quality results.",Data Scientist
"Experienced professional with a strong background in tensorFlow, neural networks, c++, scikit-learn, data structures, sql, gpu, computer vision, nlp, deep learning. Proven track record of delivering high quality results.",Machine Learning Engineer
"Experienced professional with a strong background in tensorFlow, numpy, pandas, algorithms, data analysis, system design, transformers, neural networks, statistics. Proven track record of delivering high quality results.",Data Scientist
"Experienced professional with a strong background in xgboost, python, numpy, algorithms, agile, data analysis, gpu, sql, tensorFlow. Proven track record of delivering high quality results.",Data Scientist
"Experienced professional with a strong background in data structures, neural networks, transformers, numpy, machine learning, sql, data analysis, system design, python. Proven track record of delivering high quality results.",Data Scientist
"Experienced professional with a strong background in leadership, human resources, compliance, talent acquisition, backend, recruitment, interviewing, employee relations, payroll, communication. Proven track record of delivering high quality results.",HR Manager
"Experienced professional with a strong background in talent acquisition, human resources, employee relations, recruitment, interviewing, node.js, leadership, communication, onboarding, compliance. Proven track record of delivering high quality results.",HR Manager
"Experienced professional with a strong background in nlp, xgboost, deep learning, git, visualization, computer vision, model deployment, algorithms, python, scikit-learn. Proven track record of delivering high quality results.",Machine Learning Engineer
"Experienced professional with a strong background in docker, agile, statistics, git, java, api, algorithms, node.js, data structures. Proven track record of delivering high quality results.",Software Engineer
"Experienced professional with a strong background in model deployment, pandas, statistics, data analysis, python, visualization, nlp, agile, c++. Proven track record of delivering high quality results.",Data Scientist
"Experienced professional with a strong background in sql, pandas, model deployment, visualization, system design, numpy, python, transformers, git. Proven track record of delivering high quality results.",Data Scientist
"Experienced professional with a strong background in pandas, pytorch, computer vision, scikit-learn, transformers, c++, statistics, neural networks, algorithms, xgboost. Proven track record of delivering high quality results.",Machine Learning Engineer
"Experienced professional with a strong background in gpu, algorithms, pandas, git, sql, nlp, pytorch, transformers, neural networks, xgboost. Proven track record of delivering high quality results.",Machine Learning Engineer
"Experienced professional with a strong background in node.js, react, git, agile, backend, frontend, typescript, javascript, algorithms. Proven track record of delivering high quality results.",Web Developer
"Experienced professional with a strong background in statistics, pandas, data analysis, gpu, sql, visualization, agile, c++, computer vision. Proven track record of delivering high quality results.",Data Scientist
"Experienced professional with a strong background in api, web layout, software development, node.js, docker, system design, typescript, html, react. Proven track record of delivering high quality results.",Web Developer
"Experienced professional with a strong background in java, deep learning, git, nlp, computer vision, gpu, xgboost, model deployment, numpy, pandas. Proven track record of delivering high quality results.",Machine Learning Engineer
"Experienced professional with a strong background in compliance, html, leadership, employee relations, communication, interviewing, human resources, talent acquisition, payroll, onboarding. Proven track record of delivering high quality results.",HR Manager
"Experienced professional with a strong background in agile, visualization, css, data structures, react, oop, docker, git, software development. Proven track record of delivering high quality results.",Software Engineer
"Experienced professional with a strong background in c++, gpu, git, deep learning, visualization, numpy, sql, python, machine learning. Proven track record of delivering high quality results.",Data Scientist
"Experienced professional with a strong background in css, backend, software development, node.js, system design, web layout, agile, ui/ux, javascript. Proven track record of delivering high quality results.",Web Developer
"Experienced professional with a strong background in api, react, oop, git, agile, css, web layout, node.js, backend. Proven track record of delivering high quality results.",Web Developer
"Experienced professional with a strong background in talent acquisition, communication, employee relations, onboarding, payroll, human resources, leadership, frontend, compliance, recruitment. Proven track record of delivering high quality results.",HR Manager
"Experienced professional with a strong background in oop, data analysis, data structures, system design, agile, react, ui/ux, docker, software development. Proven track record of delivering high quality results.",Software Engineer
"Experienced professional with a strong background in leadership, employee relations, onboarding, interviewing, compliance, human resources, payroll, recruitment, node.js, communication. Proven track record of delivering high quality results.",HR Manager
"Experienced professional with a strong background in transformers, java, visualization, gpu, python, data analysis, algorithms, sql, machine learning. Proven track record of delivering high quality results.",Data Scientist
"Experienced professional with a strong background in payroll, leadership, employee relations, human resources, recruitment, compliance, interviewing, web layout, talent acquisition, communication. Proven track record of delivering high quality results.",HR Manager
"Experienced professional with a strong background in git, algorithms, model deployment, neural networks, pytorch, nlp, scikit-learn, deep learning, tensorFlow, sql. Proven track record of delivering high quality results.",Machine Learning Engineer
"Experienced professional with a strong background in recruitment, human resources, leadership, onboarding, compliance, api, interviewing, communication, talent acquisition, payroll. Proven track record of delivering high quality results.",HR Manager
"Experienced professional with a strong background in docker, pandas, system design, pytorch, statistics, data analysis, machine learning, visualization, neural networks. Proven track record of delivering high quality results.",Data Scientist
"Experienced professional with a strong background in pandas, react, algorithms, software development, css, git, system design, oop, java. Proven track record of delivering high quality results.",Software Engineer
"Experienced professional with a strong background in api, docker, git, java, machine learning, software development, algorithms, system design, frontend. Proven track record of delivering high quality results.",Software Engineer
"Experienced professional with a strong background in human resources, communication, interviewing, recruitment, employee relations, leadership, compliance, payroll, talent acquisition, typescript. Proven track record of delivering high quality results.",HR Manager
"Experienced professional with a strong background in docker, api, javascript, node.js, backend, git, ui/ux, system design, typescript. Proven track record of delivering high quality results.",Web Developer
"Experienced professional with a strong background in javascript, system design, c++, docker, java, sql, api, software development, agile. Proven track record of delivering high quality results.",Software Engineer
"Experienced professional with a strong background in talent acquisition, leadership, payroll, communication, interviewing, recruitment, onboarding, compliance, api, employee relations. Proven track record of delivering high quality results.",HR Manager
"Experienced professional with a strong background in data analysis, frontend, c++, ui/ux, java, system design, data structures, software development, docker. Proven track record of delivering high quality results.",Software Engineer
"Experienced professional with a strong background in pandas, agile, c++, pytorch, tensorFlow, statistics, machine learning, model deployment, numpy. Proven track record of delivering high quality results.",Data Scientist
"Experienced professional with a strong background in employee relations, node.js, leadership, human resources, payroll, interviewing, talent acquisition, compliance, onboarding, communication. Proven track record of delivering high quality results.",HR Manager
"Experienced professional with a strong background in typescript, api, css, agile, react, docker, system design, ui/ux, web layout. Proven track record of delivering high quality results.",Web Developer
"Experienced professional with a strong background in machine learning, software development, tensorFlow, pandas, python, visualization, model deployment, agile, transformers. Proven track record of delivering high quality results.",Data Scientist
"Experienced professional with a strong background in data analysis, sql, transformers, python, git, computer vision, data structures, visualization, deep learning. Proven track record of delivering high quality results.",Data Scientist
"Experienced professional with a strong background in oop, machine learning, nlp, tensorFlow, data structures, numpy, deep learning, xgboost, pandas. Proven track record of delivering high quality results.",Data Scientist
"Experienced professional with a strong background in agile, c++, oop, statistics, algorithms, software development, css, javascript, docker. Proven track record of delivering high quality results.",Software Engineer
"Experienced professional with a strong background in employee relations, payroll, onboarding, human resources, communication, compliance, interviewing, frontend, leadership, recruitment. Proven track record of delivering high quality results.",HR Manager
"Experienced professional with a strong background in api, typescript, frontend, node.js, ui/ux, oop, system design, data structures, css. Proven track record of delivering high quality results.",Web Developer
"Experienced professional with a strong background in javascript, node.js, typescript, frontend, git, agile, api, data structures, css. Proven track record of delivering high quality results.",Web Developer
"Experienced professional with a strong background in pytorch, nlp, deep learning, numpy, computer vision, scikit-learn, visualization, oop, gpu, c++. Proven track record of delivering high quality results.",Machine Learning Engineer
"Experienced professional with a strong background in c++, xgboost, sql, deep learning, neural networks, scikit-learn, java, model deployment, numpy, nlp. Proven track record of delivering high quality results.",Machine Learning Engineer
"Experienced professional with a strong background in system design, python, visualization, git, pandas, numpy, neural networks, transformers, deep learning. Proven track record of delivering high quality results.",Data Scientist
"Experienced professional with a strong background in docker, java, neural networks, transformers, scikit-learn, xgboost, data analysis, python, model deployment, computer vision. Proven track record of delivering high quality results.",Machine Learning Engineer
"Experienced professional with a strong background in web layout, ui/ux, algorithms, frontend, system design, html, css, react, c++. Proven track record of delivering high quality results.",Web Developer
"Experienced professional with a strong background in pytorch, model deployment, scikit-learn, gpu, tensorFlow, xgboost, neural networks, machine learning, git, c++. Proven track record of delivering high quality results.",Machine Learning Engineer
"Experienced professional with a strong background in visualization, tensorFlow, c++, python, machine learning, scikit-learn, data analysis, java, transformers. Proven track record of delivering high quality results.",Data Scientist
"Experienced professional with a strong background in web layout, backend, react, java, html, agile, css, data structures, frontend. Proven track record of delivering high quality results.",Web Developer
"Experienced professional with a strong background in leadership, payroll, talent acquisition, human resources, compliance, employee relations, frontend, recruitment, onboarding, communication. Proven track record of delivering high quality results.",HR Manager
"Experienced professional with a strong background in leadership, onboarding, compliance, talent acquisition, html, interviewing, communication, human resources, recruitment, employee relations. Proven track record of delivering high quality results.",HR Manager
"Experienced professional with a strong background in agile, node.js, java, backend, api, c++, html, ui/ux, css. Proven track record of delivering high quality results.",Web Developer
"Experienced professional with a strong background in css, docker, data structures, git, java, software development, visualization, backend, system design. Proven track record of delivering high quality results.",Software Engineer
"Experienced professional with a strong background in numpy, xgboost, sql, data structures, pandas, oop, data analysis, visualization, neural networks. Proven track record of delivering high quality results.",Data Scientist
"Experienced professional with a strong background in ui/ux, api, software development, c++, css, react, backend, docker, web layout. Proven track record of delivering high quality results.",Web Developer
"Experienced professional with a strong background in docker, deep learning, pytorch, agile, nlp, neural networks, scikit-learn, xgboost, statistics, transformers. Proven track record of delivering high quality results.",Machine Learning Engineer
"Experienced professional with a strong background in backend, system design, web layout, ui/ux, api, css, software development, git, react. Proven track record of delivering high quality results.",Web Developer
"Experienced professional with a strong background in sql, scikit-learn, git, data analysis, deep learning, system design, gpu, nlp, model deployment, transformers. Proven track record of delivering high quality results.",Machine Learning Engineer
"Experienced professional with a strong background in git, agile, data analysis, css, software development, oop, java, ui/ux, algorithms. Proven track record of delivering high quality results.",Software Engineer
"Experienced professional with a strong background in model deployment, gpu, pytorch, algorithms, data analysis, java, computer vision, neural networks, statistics, deep learning. Proven track record of delivering high quality results.",Machine Learning Engineer
"Experienced professional with a strong background in deep learning, pandas, machine learning, pytorch, software development, numpy, oop, data analysis, nlp. Proven track record of delivering high quality results.",Data Scientist
"Experienced professional with a strong background in python, visualization, system design, data analysis, tensorFlow, scikit-learn, statistics, nlp, data structures. Proven track record of delivering high quality results.",Data Scientist
"Experienced professional with a strong background in api, frontend, java, docker, software development, oop, sql, algorithms, agile. Proven track record of delivering high quality results.",Software Engineer
"Experienced professional with a strong background in javascript, system design, typescript, frontend, html, algorithms, node.js, ui/ux, software development. Proven track record of delivering high quality results.",Web Developer
"Experienced professional with a strong background in agile, algorithms, python, git, java, oop, data structures, backend, node.js. Proven track record of delivering high quality results.",Software Engineer
"Experienced professional with a strong background in communication, onboarding, human resources, recruitment, interviewing, leadership, ui/ux, payroll, compliance, talent acquisition. Proven track record of delivering high quality results.",HR Manager
"Experienced professional with a strong background in interviewing, compliance, talent acquisition, communication, payroll, javascript, recruitment, employee relations, human resources, leadership. Proven track record of delivering high quality results.",HR Manager
"Experienced professional with a strong background in react, css, javascript, api, typescript, c++, system design, data structures, node.js. Proven track record of delivering high quality results.",Web Developer
"Experienced professional with a strong background in node.js, employee relations, recruitment, interviewing, onboarding, talent acquisition, communication, payroll, leadership, compliance. Proven track record of delivering high quality results.",HR Manager
"Experienced professional with a strong background in system design, frontend, typescript, oop, algorithms, machine learning, docker, git, java. Proven track record of delivering high quality results.",Software Engineer
"Experienced professional with a strong background in frontend, interviewing, onboarding, employee relations, recruitment, communication, leadership, talent acquisition, human resources, payroll. Proven track record of delivering high quality results.",HR Manager
"Experienced professional with a strong background in algorithms, web layout, css, ui/ux, frontend, api, data structures, javascript, software development. Proven track record of delivering high quality results.",Web Developer
"Experienced professional with a strong background in frontend, javascript, react, html, web layout, docker, css, algorithms, java. Proven track record of delivering high quality results.",Web Developer
"Experienced professional with a strong background in neural networks, docker, pandas, tensorFlow, data analysis, python, model deployment, visualization, c++. Proven track record of delivering high quality results.",Data Scientist
"Experienced professional with a strong background in agile, web layout, react, css, api, typescript, oop, c++, ui/ux. Proven track record of delivering high quality results.",Web Developer
"Experienced professional with a strong background in sql, gpu, algorithms, data analysis, pandas, software development, tensorFlow, deep learning, computer vision. Proven track record of delivering high quality results.",Data Scientist
"Experienced professional with a strong background in pytorch, computer vision, deep learning, sql, scikit-learn, java, neural networks, machine learning, algorithms, model deployment. Proven track record of delivering high quality results.",Machine Learning Engineer
"Experienced professional with a strong background in javascript, frontend, c++, web layout, data structures, css, html, java, backend. Proven track record of delivering high quality results.",Web Developer
"Experienced professional with a strong background in backend, typescript, data structures, java, software development, ui/ux, css, react, web layout. Proven track record of delivering high quality results.",Web Developer
"Experienced professional with a strong background in employee relations, communication, human resources, css, compliance, payroll, interviewing, leadership, talent acquisition, recruitment. Proven track record of delivering high quality results.",HR Manager
"Experienced professional with a strong background in javascript, html, frontend, git, typescript, software development, java, node.js, css. Proven track record of delivering high quality results.",Web Developer
"Experienced professional with a strong background in tensorFlow, numpy, deep learning, deep learning, data analysis, oop, agile, machine learning, pytorch. Proven track record of delivering high quality results.",Data Scientist
"Experienced professional with a strong background in css, java, typescript, web layout, react, data structures, api, node.js, docker. Proven track record of delivering high quality results.",Web Developer
"Experienced professional with a strong background in numpy, java, sql, machine learning, pytorch, algorithms, deep learning, gpu, visualization. Proven track record of delivering high quality results.",Data Scientist
"Experienced professional with a strong background in java, git, api, frontend, backend, agile, node.js, react, ui/ux. Proven track record of delivering high quality results.",Web Developer
"Experienced professional with a strong background in css, communication, interviewing, talent acquisition, human resources, leadership, compliance, recruitment, payroll, employee relations. Proven track record of delivering high quality results.",HR Manager
"Experienced professional with a strong background in typescript, software development, backend, git, algorithms, docker, data structures, java, machine learning. Proven track record of delivering high quality results.",Software Engineer
"Experienced professional with a strong background in onboarding, frontend, talent acquisition, recruitment, compliance, payroll, human resources, communication, leadership, employee relations. Proven track record of delivering high quality results.",HR Manager
"Experienced professional with a strong background in algorithms, python, deep learning, computer vision, machine learning, system design, visualization, tensorFlow, neural networks. Proven track record of delivering high quality results.",Data Scientist
"Experienced professional with a strong background in algorithms, html, docker, agile, git, java, ui/ux, deep learning, system design. Proven track record of delivering high quality results.",Software Engineer
"Experienced professional with a strong background in recruitment, leadership, communication, talent acquisition, javascript, employee relations, onboarding, compliance, payroll, interviewing. Proven track record of delivering high quality results.",HR Manager
"Experienced professional with a strong background in transformers, system design, model deployment, scikit-learn, tensorFlow, computer vision, pytorch, algorithms, pandas, xgboost. Proven track record of delivering high quality results.",Machine Learning Engineer
"Experienced professional with a strong background in node.js, web layout, agile, html, c++, backend, react, javascript, java. Proven track record of delivering high quality results.",Web Developer
"Experienced professional with a strong background in web layout, oop, c++, algorithms, javascript, data structures, agile, sql, java. Proven track record of delivering high quality results.",Software Engineer
"Experienced professional with a strong background in agile, sql, system design, html, oop, c++, docker, algorithms, typescript. Proven track record of delivering high quality results.",Software Engineer
"Experienced professional with a strong background in java, docker, visualization, api, algorithms, agile, software development, web layout, oop. Proven track record of delivering high quality results.",Software Engineer
"Experienced professional with a strong background in compliance, human resources, leadership, backend, onboarding, recruitment, interviewing, payroll, employee relations, communication. Proven track record of delivering high quality results.",HR Manager
"Experienced professional with a strong background in employee relations, communication, human resources, recruitment, typescript, talent acquisition, onboarding, leadership, compliance, interviewing. Proven track record of delivering high quality results.",HR Manager
"Experienced professional with a strong background in model deployment, data analysis, git, xgboost, computer vision, agile, python, scikit-learn, nlp, gpu. Proven track record of delivering high quality results.",Machine Learning Engineer
"Experienced professional with a strong background in data analysis, software development, computer vision, java, deep learning, deep learning, transformers, neural networks, gpu, nlp. Proven track record of delivering high quality results.",Machine Learning Engineer
"Experienced professional with a strong background in human resources, javascript, communication, employee relations, recruitment, onboarding, talent acquisition, payroll, leadership, interviewing. Proven track record of delivering high quality results.",HR Manager
"Experienced professional with a strong background in tensorFlow, transformers, visualization, sql, git, data analysis, oop, model deployment, machine learning. Proven track record of delivering high quality results.",Data Scientist
"Experienced professional with a strong background in tensorFlow, deep learning, transformers, scikit-learn, gpu, numpy, oop, neural networks, system design, xgboost. Proven track record of delivering high quality results.",Machine Learning Engineer
"Experienced professional with a strong background in sql, java, statistics, data analysis, transformers, python, neural networks, system design, visualization. Proven track record of delivering high quality results.",Data Scientist
"Experienced professional with a strong background in sql, python, git, computer vision, software development, visualization, deep learning, deep learning, statistics. Proven track record of delivering high quality results.",Data Scientist
"Experienced professional with a strong background in human resources, payroll, talent acquisition, onboarding, interviewing, html, communication, compliance, employee relations, leadership. Proven track record of delivering high quality results.",HR Manager
"Experienced professional with a strong background in model deployment, statistics, data analysis, scikit-learn, python, deep learning, data structures, oop, machine learning. Proven track record of delivering high quality results.",Data Scientist
"Experienced professional with a strong background in numpy, machine learning, algorithms, sql, visualization, neural networks, xgboost, data analysis, docker. Proven track record of delivering high quality results.",Data Scientist
"Experienced professional with a strong background in agile, docker, css, typescript, c++, algorithms, system design, oop, numpy. Proven track record of delivering high quality results.",Software Engineer
"Experienced professional with a strong background in machine learning, numpy, statistics, algorithms, oop, python, visualization, scikit-learn, deep learning. Proven track record of delivering high quality results.",Data Scientist
"Experienced professional with a strong background in java, backend, c++, algorithms, node.js, docker, oop, tensorFlow, data structures. Proven track record of delivering high quality results.",Software Engineer
"Experienced professional with a strong background in java, software development, deep learning, neural networks, computer vision, statistics, visualization, gpu, nlp, transformers. Proven track record of delivering high quality results.",Machine Learning Engineer
"Experienced professional with a strong background in docker, pandas, sql, deep learning, python, xgboost, oop, visualization, gpu. Proven track record of delivering high quality results.",Data Scientist
"Experienced professional with a strong background in node.js, web layout, c++, software development, agile, machine learning, docker, algorithms, data structures. Proven track record of delivering high quality results.",Software Engineer
"Experienced professional with a strong background in deep learning, tensorFlow, agile, model deployment, transformers, nlp, git, pytorch, computer vision, neural networks. Proven track record of delivering high quality results.",Machine Learning Engineer
"Experienced professional with a strong background in machine learning, transformers, computer vision, java, scikit-learn, visualization, algorithms, neural networks, deep learning, nlp. Proven track record of delivering high quality results.",Machine Learning Engineer
"Experienced professional with a strong background in backend, data structures, git, software development, react, deep learning, java, algorithms, c++. Proven track record of delivering high quality results.",Software Engineer
"Experienced professional with a strong background in leadership, communication, interviewing, onboarding, compliance, human resources, recruitment, payroll, frontend, employee relations. Proven track record of delivering high quality results.",HR Manager
"Experienced professional with a strong background in payroll, human resources, talent acquisition, recruitment, interviewing, leadership, communication, compliance, backend, onboarding. Proven track record of delivering high quality results.",HR Manager
"Experienced professional with a strong background in leadership, talent acquisition, compliance, employee relations, onboarding, frontend, interviewing, payroll, human resources, communication. Proven track record of delivering high quality results.",HR Manager
"Experienced professional with a strong background in python, nlp, computer vision, transformers, gpu, xgboost, deep learning, tensorFlow, oop, agile. Proven track record of delivering high quality results.",Machine Learning Engineer
"Experienced professional with a strong background in statistics, python, neural networks, sql, git, nlp, data structures, data analysis, numpy. Proven track record of delivering high quality results.",Data Scientist
"Experienced professional with a strong background in frontend, html, sql, oop, git, algorithms, agile, docker, system design. Proven track record of delivering high quality results.",Software Engineer
"Experienced professional with a strong background in transformers, algorithms, python, deep learning, scikit-learn, gpu, xgboost, computer vision, docker, statistics. Proven track record of delivering high quality results.",Machine Learning Engineer
"Experienced professional with a strong background in react, agile, docker, frontend, javascript, api, css, backend, software development. Proven track record of delivering high quality results.",Web Developer
"Experienced professional with a strong background in algorithms, frontend, agile, data analysis, java, react, data structures, system design, docker. Proven track record of delivering high quality results.",Software Engineer
"Experienced professional with a strong background in java, data structures, frontend, react, backend, oop, node.js, ui/ux, typescript. Proven track record of delivering high quality results.",Web Developer
"Experienced professional with a strong background in recruitment, human resources, leadership, api, talent acquisition, onboarding, interviewing, employee relations, compliance, communication. Proven track record of delivering high quality results.",HR Manager
"Experienced professional with a strong background in system design, software development, data structures, web layout, node.js, html, javascript, css, backend. Proven track record of delivering high quality results.",Web Developer
"Experienced professional with a strong background in html, api, oop, system design, backend, data structures, ui/ux, web layout, typescript. Proven track record of delivering high quality results.",Web Developer
"Experienced professional with a strong background in human resources, communication, web layout, talent acquisition, employee relations, payroll, leadership, recruitment, compliance, interviewing. Proven track record of delivering high quality results.",HR Manager
"Experienced professional with a strong background in javascript, compliance, talent acquisition, recruitment, payroll, onboarding, communication, interviewing, human resources, leadership. Proven track record of delivering high quality results.",HR Manager
"Experienced professional with a strong background in numpy, xgboost, pytorch, gpu, software development, statistics, neural networks, nlp, scikit-learn, java. Proven track record of delivering high quality results.",Machine Learning Engineer
"Experienced professional with a strong background in css, git, statistics, java, algorithms, system design, software development, data structures, api. Proven track record of delivering high quality results.",Software Engineer
"Experienced professional with a strong background in data analysis, docker, c++, software development, algorithms, backend, git, data structures, css. Proven track record of delivering high quality results.",Software Engineer
"Experienced professional with a strong background in ui/ux, recruitment, talent acquisition, human resources, onboarding, leadership, compliance, payroll, employee relations, communication. Proven track record of delivering high quality results.",HR Manager
"Experienced professional with a strong background in data analysis, nlp, system design, xgboost, java, scikit-learn, visualization, model deployment, deep learning, pytorch. Proven track record of delivering high quality results.",Machine Learning Engineer
"Experienced professional with a strong background in numpy, computer vision, xgboost, pytorch, deep learning, system design, tensorFlow, scikit-learn, nlp, git. Proven track record of delivering high quality results.",Machine Learning Engineer
"Experienced professional with a strong background in neural networks, scikit-learn, deep learning, model deployment, tensorFlow, gpu, data structures, pytorch, c++, statistics. Proven track record of delivering high quality results.",Machine Learning Engineer
"Experienced professional with a strong background in frontend, docker, c++, sql, agile, system design, api, algorithms, git. Proven track record of delivering high quality results.",Software Engineer
"Experienced professional with a strong background in system design, data analysis, ui/ux, java, agile, c++, algorithms, docker, web layout. Proven track record of delivering high quality results.",Software Engineer
"Experienced professional with a strong background in nlp, python, neural networks, computer vision, scikit-learn, java, gpu, git, transformers, tensorFlow. Proven track record of delivering high quality results.",Machine Learning Engineer
"Experienced professional with a strong background in css, recruitment, leadership, employee relations, human resources, communication, onboarding, payroll, interviewing, compliance. Proven track record of delivering high quality results.",HR Manager
"Experienced professional with a strong background in xgboost, statistics, gpu, computer vision, data analysis, scikit-learn, java, system design, model deployment, nlp. Proven track record of delivering high quality results.",Machine Learning Engineer
"Experienced professional with a strong background in data analysis, machine learning, git, docker, gpu, statistics, numpy, pandas, computer vision. Proven track record of delivering high quality results.",Data Scientist
"Experienced professional with a strong background in git, api, ui/ux, javascript, backend, algorithms, html, docker, typescript. Proven track record of delivering high quality results.",Web Developer
"Experienced professional with a strong background in system design, agile, numpy, oop, java, web layout, docker, backend, data structures. Proven track record of delivering high quality results.",Software Engineer
"Experienced professional with a strong background in computer vision, deep learning, machine learning, xgboost, c++, statistics, data structures, pytorch, gpu, nlp. Proven track record of delivering high quality results.",Machine Learning Engineer
"Experienced professional with a strong background in model deployment, sql, git, scikit-learn, nlp, docker, pytorch, gpu, statistics, neural networks. Proven track record of delivering high quality results.",Machine Learning Engineer
"Experienced professional with a strong background in sql, statistics, machine learning, c++, xgboost, data analysis, system design, tensorFlow, nlp. Proven track record of delivering high quality results.",Data Scientist
"Experienced professional with a strong background in talent acquisition, interviewing, communication, employee relations, compliance, backend, recruitment, onboarding, human resources, leadership. Proven track record of delivering high quality results.",HR Manager
"Experienced professional with a strong background in software development, frontend, ui/ux, git, algorithms, deep learning, agile, docker, system design. Proven track record of delivering high quality results.",Software Engineer
"Experienced professional with a strong background in agile, git, docker, statistics, api, html, software development, c++, system design. Proven track record of delivering high quality results.",Software Engineer
"Experienced professional with a strong background in java, typescript, agile, c++, data structures, docker, web layout, system design, data analysis. Proven track record of delivering high quality results.",Software Engineer
"Experienced professional with a strong background in xgboost, pytorch, numpy, system design, scikit-learn, data structures, gpu, model deployment, python, deep learning. Proven track record of delivering high quality results.",Machine Learning Engineer
"Experienced professional with a strong background in data analysis, web layout, java, oop, css, agile, system design, software development, data structures. Proven track record of delivering high quality results.",Software Engineer
"Experienced professional with a strong background in react, node.js, html, algorithms, typescript, javascript, ui/ux, agile, system design. Proven track record of delivering high quality results.",Web Developer
"Experienced professional with a strong background in compliance, talent acquisition, leadership, communication, payroll, recruitment, onboarding, human resources, web layout, employee relations. Proven track record of delivering high quality results.",HR Manager
